quantity,z,sim,Ap,R_observed,a_z,R_pred_G1,R_pred_G2,G1_flag,G1_max_frac_resid,G2_flag,G2_max_frac_resid
dndx_LLS,2.8,ns0.859Ap1.29e-09herei3.92heref2.72alphaq1.87hub0.693omegamh20.141hireionz7.15bhfeedback0.0579,1.29e-09,1.1863138024344657,1.193868430384606,1.1766423047106576,1.1820693518978616,0,0.008100974510811437,0,0.003555207951379371
dndx_LLS,2.8,ns0.885Ap2.32e-09herei4.06heref2.94alphaq1.99hub0.67omegamh20.146hireionz6.6bhfeedback0.0379,2.32e-09,1.20231347676272,1.193868430384606,1.2067332474384997,1.2026802194664692,0,0.008100974510811437,0,0.003555207951379371
dndx_LLS,2.8,ns0.909Ap1.98e-09herei3.75heref3.01alphaq2.43hub0.682omegamh20.14hireionz7.6bhfeedback0.0449,1.98e-09,1.192978011956632,1.193868430384606,1.1968003148875617,1.1958766321137249,0,0.008100974510811437,0,0.003555207951379371
dndx_LLS,3.0,ns0.859Ap1.29e-09herei3.92heref2.72alphaq1.87hub0.693omegamh20.141hireionz7.15bhfeedback0.0579,1.29e-09,1.1717367256637166,1.1865886938675383,1.1693625681935897,1.1734574825931667,0,0.0029058931944709373,0,0.002697076593105909
dndx_LLS,3.0,ns0.885Ap2.32e-09herei4.06heref2.94alphaq1.99hub0.67omegamh20.146hireionz6.6bhfeedback0.0379,2.32e-09,1.196005410911286,1.1865886938675383,1.199453510921432,1.1963953465030928,0,0.0029058931944709373,0,0.002697076593105909
dndx_LLS,3.0,ns0.909Ap1.98e-09herei3.75heref3.01alphaq2.43hub0.682omegamh20.14hireionz7.6bhfeedback0.0449,1.98e-09,1.1920239450276127,1.1865886938675383,1.1895205783704939,1.1888236244357384,0,0.0029058931944709373,0,0.002697076593105909
dndx_LLS,3.2,ns0.859Ap1.29e-09herei3.92heref2.72alphaq1.87hub0.693omegamh20.141hireionz7.15bhfeedback0.0579,1.29e-09,1.1476809918186452,1.1501081968663147,1.1328820711923662,1.1356448394831213,0,0.014618507099889495,0,0.014209656150309646
dndx_LLS,3.2,ns0.885Ap2.32e-09herei4.06heref2.94alphaq1.99hub0.67omegamh20.146hireionz6.6bhfeedback0.0379,2.32e-09,1.1664163822525597,1.1501081968663147,1.1629730139202084,1.1609097230040963,0,0.014618507099889495,0,0.014209656150309646
dndx_LLS,3.2,ns0.909Ap1.98e-09herei3.75heref3.01alphaq2.43hub0.682omegamh20.14hireionz7.6bhfeedback0.0449,1.98e-09,1.136227216527739,1.1501081968663147,1.1530400813692703,1.152569858540862,0,0.014618507099889495,0,0.014209656150309646
dndx_LLS,3.4,ns0.859Ap1.29e-09herei3.92heref2.72alphaq1.87hub0.693omegamh20.141hireionz7.15bhfeedback0.0579,1.29e-09,1.1118821462222108,1.1339518125051236,1.116725686831175,1.1181563956008738,0,0.004960414725603239,0,0.005902678821472048
dndx_LLS,3.4,ns0.885Ap2.32e-09herei4.06heref2.94alphaq1.99hub0.67omegamh20.146hireionz6.6bhfeedback0.0379,2.32e-09,1.152441500827892,1.1339518125051236,1.1468166295590172,1.1457481474796483,0,0.004960414725603239,0,0.005902678821472048
dndx_LLS,3.4,ns0.909Ap1.98e-09herei3.75heref3.01alphaq2.43hub0.682omegamh20.14hireionz7.6bhfeedback0.0449,1.98e-09,1.1375317904652678,1.1339518125051236,1.1368836970080791,1.1366401905487906,0,0.004960414725603239,0,0.005902678821472048
dndx_LLS,3.6,ns0.859Ap1.29e-09herei3.92heref2.72alphaq1.87hub0.693omegamh20.141hireionz7.15bhfeedback0.0579,1.29e-09,1.080631937258627,1.102695409781222,1.0854692841072735,1.085567800143969,0,0.005133225688796718,0,0.005199947429553817
dndx_LLS,3.6,ns0.885Ap2.32e-09herei4.06heref2.94alphaq1.99hub0.67omegamh20.146hireionz6.6bhfeedback0.0379,2.32e-09,1.1212206112395229,1.102695409781222,1.1155602268351157,1.1154866530778502,0,0.005133225688796718,0,0.005199947429553817
dndx_LLS,3.6,ns0.909Ap1.98e-09herei3.75heref3.01alphaq2.43hub0.682omegamh20.14hireionz7.6bhfeedback0.0449,1.98e-09,1.1062336808455164,1.102695409781222,1.1056272942841776,1.105610526866666,0,0.005133225688796718,0,0.005199947429553817
dndx_LLS,3.8,ns0.859Ap1.29e-09herei3.92heref2.72alphaq1.87hub0.693omegamh20.141hireionz7.15bhfeedback0.0579,1.29e-09,1.0510685734945566,1.072291906361523,1.0550657806875745,1.0538321639366428,0,0.0037277229915696334,0,0.002577274365022055
dndx_LLS,3.8,ns0.885Ap2.32e-09herei4.06heref2.94alphaq1.99hub0.67omegamh20.146hireionz6.6bhfeedback0.0379,2.32e-09,1.0877942490954422,1.072291906361523,1.0851567234154167,1.0860780132118424,0,0.0037277229915696334,0,0.002577274365022055
dndx_LLS,3.8,ns0.909Ap1.98e-09herei3.75heref3.01alphaq2.43hub0.682omegamh20.14hireionz7.6bhfeedback0.0449,1.98e-09,1.0780128964945703,1.072291906361523,1.0752237908644786,1.0754337522860484,0,0.0037277229915696334,0,0.002577274365022055
dndx_LLS,3.99,ns0.885Ap2.32e-09herei4.06heref2.94alphaq1.99hub0.67omegamh20.146hireionz6.6bhfeedback0.0379,2.32e-09,1.0592800015619819,1.0592800015619819,1.0721448186158755,1.074029251058792,0,0.012144869189377289,0,0.013923844002588014
dndx_LLS,4.0,ns0.859Ap1.29e-09herei3.92heref2.72alphaq1.87hub0.693omegamh20.141hireionz7.15bhfeedback0.0579,1.29e-09,1.0223555707155938,1.0433172061924751,1.0260910805185266,1.0235253975859413,0,0.003921400981021054,0,0.0020848515633905646
dndx_LLS,4.0,ns0.885Ap2.32e-09herei4.06heref2.94alphaq1.99hub0.67omegamh20.146hireionz6.6bhfeedback0.0379,2.32e-09,1.060273288362248,1.0433172061924751,1.0561820232463688,1.0580981268538054,0,0.003921400981021054,0,0.0020848515633905646
dndx_LLS,4.0,ns0.909Ap1.98e-09herei3.75heref3.01alphaq2.43hub0.682omegamh20.14hireionz7.6bhfeedback0.0449,1.98e-09,1.0473227594995835,1.0433172061924751,1.0462490906954307,1.0466857696197531,0,0.003921400981021054,0,0.0020848515633905646
dndx_LLS,4.2,ns0.859Ap1.29e-09herei3.92heref2.72alphaq1.87hub0.693omegamh20.141hireionz7.15bhfeedback0.0579,1.29e-09,0.9970143780219956,1.01788171100704,1.0006555853330914,0.9967578362188522,0,0.0035772401367673923,0,0.002817755014027306
dndx_LLS,4.2,ns0.885Ap2.32e-09herei4.06heref2.94alphaq1.99hub0.67omegamh20.146hireionz6.6bhfeedback0.0379,2.32e-09,1.032285621767177,1.01788171100704,1.0307465280609336,1.0336574454793812,0,0.0035772401367673923,0,0.002817755014027306
dndx_LLS,4.2,ns0.909Ap1.98e-09herei3.75heref3.01alphaq2.43hub0.682omegamh20.14hireionz7.6bhfeedback0.0449,1.98e-09,1.0243451332319475,1.01788171100704,1.0208135955099955,1.0214769919370708,0,0.0035772401367673923,0,0.002817755014027306
dndx_LLS,4.4,ns0.859Ap1.29e-09herei3.92heref2.72alphaq1.87hub0.693omegamh20.141hireionz7.15bhfeedback0.0579,1.29e-09,0.9731106427445493,0.9934531465719827,0.9762270208980341,0.9709970657295971,0,0.0031824148367847137,0,0.002127505481506913
dndx_LLS,4.4,ns0.885Ap2.32e-09herei4.06heref2.94alphaq1.99hub0.67omegamh20.146hireionz6.6bhfeedback0.0379,2.32e-09,1.0094795436591775,0.9934531465719827,1.0063179636258763,1.0102237993149636,0,0.0031824148367847137,0,0.002127505481506913
dndx_LLS,4.4,ns0.909Ap1.98e-09herei3.75heref3.01alphaq2.43hub0.682omegamh20.14hireionz7.6bhfeedback0.0449,1.98e-09,0.9977692533122212,0.9934531465719827,0.9963850310749381,0.9972751688110562,0,0.0031824148367847137,0,0.002127505481506913
dndx_subDLA,2.8,ns0.859Ap1.29e-09herei3.92heref2.72alphaq1.87hub0.693omegamh20.141hireionz7.15bhfeedback0.0579,1.29e-09,1.257162093923582,1.2752799108258497,1.2644022331427596,1.2606097356072632,0,0.014306679188919532,0,0.012085744475769683
dndx_subDLA,2.8,ns0.885Ap2.32e-09herei4.06heref2.94alphaq1.99hub0.67omegamh20.146hireionz6.6bhfeedback0.0379,2.32e-09,1.3016485998193315,1.2752799108258497,1.2834035792590721,1.2862358926820079,0,0.014306679188919532,0,0.012085744475769683
dndx_subDLA,2.8,ns0.909Ap1.98e-09herei3.75heref3.01alphaq2.43hub0.682omegamh20.14hireionz7.6bhfeedback0.0449,1.98e-09,1.2670290387346357,1.2752799108258497,1.2771312902498038,1.277776772870927,0,0.014306679188919532,0,0.012085744475769683
dndx_subDLA,3.0,ns0.859Ap1.29e-09herei3.92heref2.72alphaq1.87hub0.693omegamh20.141hireionz7.15bhfeedback0.0579,1.29e-09,1.2610188895248997,1.279224717081294,1.268347039398204,1.2654854551457064,0,0.007409847838737286,0,0.007029116223233605
dndx_subDLA,3.0,ns0.885Ap2.32e-09herei4.06heref2.94alphaq1.99hub0.67omegamh20.146hireionz6.6bhfeedback0.0379,2.32e-09,1.2861003047086104,1.279224717081294,1.2873483855145165,1.2894854741779502,0,0.007409847838737286,0,0.007029116223233605
dndx_subDLA,3.0,ns0.909Ap1.98e-09herei3.75heref3.01alphaq2.43hub0.682omegamh20.14hireionz7.6bhfeedback0.0449,1.98e-09,1.2905549570103723,1.279224717081294,1.2810760965052481,1.2815631377983747,0,0.007409847838737286,0,0.007029116223233605
dndx_subDLA,3.2,ns0.859Ap1.29e-09herei3.92heref2.72alphaq1.87hub0.693omegamh20.141hireionz7.15bhfeedback0.0579,1.29e-09,1.2679814073457107,1.2700957880722819,1.2592181103891917,1.2572874487287329,0,0.006899713422260623,0,0.008419804803233677
dndx_subDLA,3.2,ns0.885Ap2.32e-09herei4.06heref2.94alphaq1.99hub0.67omegamh20.146hireionz6.6bhfeedback0.0379,2.32e-09,1.2765572791399655,1.2700957880722819,1.2782194565055043,1.279661313457258,0,0.006899713422260623,0,0.008419804803233677
dndx_subDLA,3.2,ns0.909Ap1.98e-09herei3.75heref3.01alphaq2.43hub0.682omegamh20.14hireionz7.6bhfeedback0.0449,1.98e-09,1.265748677731169,1.2700957880722819,1.271947167496236,1.2722757658769683,0,0.006899713422260623,0,0.008419804803233677
dndx_subDLA,3.4,ns0.859Ap1.29e-09herei3.92heref2.72alphaq1.87hub0.693omegamh20.141hireionz7.15bhfeedback0.0579,1.29e-09,1.2577159369612199,1.261126052749205,1.2502483750661149,1.2492485754889362,0,0.005921344562524905,0,0.006714127785898285
dndx_subDLA,3.4,ns0.885Ap2.32e-09herei4.06heref2.94alphaq1.99hub0.67omegamh20.146hireionz6.6bhfeedback0.0379,2.32e-09,1.2671230974336183,1.261126052749205,1.2692497211824274,1.2699963916116588,0,0.005921344562524905,0,0.006714127785898285
dndx_subDLA,3.4,ns0.909Ap1.98e-09herei3.75heref3.01alphaq2.43hub0.682omegamh20.14hireionz7.6bhfeedback0.0449,1.98e-09,1.258539123852777,1.261126052749205,1.262977432173159,1.2631475979400806,0,0.005921344562524905,0,0.006714127785898285
dndx_subDLA,3.6,ns0.859Ap1.29e-09herei3.92heref2.72alphaq1.87hub0.693omegamh20.141hireionz7.15bhfeedback0.0579,1.29e-09,1.2540721707071834,1.2635356513394471,1.252657973656357,1.2525891292528561,0,0.0077736747449787,0,0.007782948174757965
dndx_subDLA,3.6,ns0.885Ap2.32e-09herei4.06heref2.94alphaq1.99hub0.67omegamh20.146hireionz6.6bhfeedback0.0379,2.32e-09,1.280970067729954,1.2635356513394471,1.2716593197726695,1.2717107341575977,0,0.0077736747449787,0,0.007782948174757965
dndx_subDLA,3.6,ns0.909Ap1.98e-09herei3.75heref3.01alphaq2.43hub0.682omegamh20.14hireionz7.6bhfeedback0.0449,1.98e-09,1.2555647155812035,1.2635356513394471,1.2653870307634012,1.2653987480725375,0,0.0077736747449787,0,0.007782948174757965
dndx_subDLA,3.8,ns0.859Ap1.29e-09herei3.92heref2.72alphaq1.87hub0.693omegamh20.141hireionz7.15bhfeedback0.0579,1.29e-09,1.2510980665818316,1.259301062742483,1.2484233850593929,1.249285453938891,0,0.008500461666018632,0,0.008383949401238303
dndx_subDLA,3.8,ns0.885Ap2.32e-09herei4.06heref2.94alphaq1.99hub0.67omegamh20.146hireionz6.6bhfeedback0.0379,2.32e-09,1.2763573198889997,1.259301062742483,1.2674247311757054,1.2667809208011318,0,0.008500461666018632,0,0.008383949401238303
dndx_subDLA,3.8,ns0.909Ap1.98e-09herei3.75heref3.01alphaq2.43hub0.682omegamh20.14hireionz7.6bhfeedback0.0449,1.98e-09,1.250447801756618,1.259301062742483,1.261152442166437,1.2610057181475767,0,0.008500461666018632,0,0.008383949401238303
dndx_subDLA,3.99,ns0.885Ap2.32e-09herei4.06heref2.94alphaq1.99hub0.67omegamh20.146hireionz6.6bhfeedback0.0379,2.32e-09,1.2552233447010595,1.2552233447010595,1.2633470131342819,1.2620301450199929,0,0.006471890813309516,0,0.005422780214906317
dndx_subDLA,4.0,ns0.859Ap1.29e-09herei3.92heref2.72alphaq1.87hub0.693omegamh20.141hireionz7.15bhfeedback0.0579,1.29e-09,1.249715715260405,1.2524499851837918,1.2415723075007017,1.2433652431179998,0,0.006501982399327776,0,0.006072429965583574
dndx_subDLA,4.0,ns0.885Ap2.32e-09herei4.06heref2.94alphaq1.99hub0.67omegamh20.146hireionz6.6bhfeedback0.0379,2.32e-09,1.2612434479285195,1.2524499851837918,1.2605736536170142,1.259234653243829,0,0.006501982399327776,0,0.006072429965583574
dndx_subDLA,4.0,ns0.909Ap1.98e-09herei3.75heref3.01alphaq2.43hub0.682omegamh20.14hireionz7.6bhfeedback0.0449,1.98e-09,1.246390792362451,1.2524499851837918,1.2543013646077459,1.2539962071828759,0,0.006501982399327776,0,0.006072429965583574
dndx_subDLA,4.2,ns0.859Ap1.29e-09herei3.92heref2.72alphaq1.87hub0.693omegamh20.141hireionz7.15bhfeedback0.0579,1.29e-09,1.2239326622700453,1.2359078762568123,1.2250301985737222,1.2277540009288204,0,0.005066974969905285,0,0.006712882736071143
dndx_subDLA,4.2,ns0.885Ap2.32e-09herei4.06heref2.94alphaq1.99hub0.67omegamh20.146hireionz6.6bhfeedback0.0379,2.32e-09,1.2502938589641368,1.2359078762568123,1.2440315446900347,1.241997354318238,0,0.005066974969905285,0,0.006712882736071143
dndx_subDLA,4.2,ns0.909Ap1.98e-09herei3.75heref3.01alphaq2.43hub0.682omegamh20.14hireionz7.6bhfeedback0.0449,1.98e-09,1.2334971075362549,1.2359078762568123,1.2377592556807664,1.2372956648498867,0,0.005066974969905285,0,0.006712882736071143
dndx_subDLA,4.4,ns0.859Ap1.29e-09herei3.92heref2.72alphaq1.87hub0.693omegamh20.141hireionz7.15bhfeedback0.0579,1.29e-09,1.2179303612105434,1.2270556980725003,1.2161780203894101,1.2198327872272259,0,0.0014280858023689768,0,0.0016273021037107062
dndx_subDLA,4.4,ns0.885Ap2.32e-09herei4.06heref2.94alphaq1.99hub0.67omegamh20.146hireionz6.6bhfeedback0.0379,2.32e-09,1.2344467034562883,1.2270556980725003,1.2351793665057227,1.2324499131374447,0,0.0014280858023689768,0,0.0016273021037107062
dndx_subDLA,4.4,ns0.909Ap1.98e-09herei3.75heref3.01alphaq2.43hub0.682omegamh20.14hireionz7.6bhfeedback0.0449,1.98e-09,1.228790029550669,1.2270556980725003,1.2289070774964543,1.228285036623392,0,0.0014280858023689768,0,0.0016273021037107062
dndx_DLA,2.8,ns0.859Ap1.29e-09herei3.92heref2.72alphaq1.87hub0.693omegamh20.141hireionz7.15bhfeedback0.0579,1.29e-09,1.158027554221798,1.1695551920703586,1.1745258725168015,1.1557319416968603,0,0.017174807524358904,0,0.006155980443912001
dndx_DLA,2.8,ns0.885Ap2.32e-09herei4.06heref2.94alphaq1.99hub0.67omegamh20.146hireionz6.6bhfeedback0.0379,2.32e-09,1.1859298732703416,1.1695551920703586,1.1658429879574186,1.1798786734213722,0,0.017174807524358904,0,0.006155980443912001
dndx_DLA,2.8,ns0.909Ap1.98e-09herei3.75heref3.01alphaq2.43hub0.682omegamh20.14hireionz7.6bhfeedback0.0449,1.98e-09,1.1647081487189366,1.1695551920703586,1.1687091828605158,1.1719079076093974,0,0.017174807524358904,0,0.006155980443912001
dndx_DLA,3.0,ns0.859Ap1.29e-09herei3.92heref2.72alphaq1.87hub0.693omegamh20.141hireionz7.15bhfeedback0.0579,1.29e-09,1.1524726960363234,1.1486983662889168,1.1536690467353596,1.1394883080602503,0,0.013233436462744028,0,0.014652152182307641
dndx_DLA,3.0,ns0.885Ap2.32e-09herei4.06heref2.94alphaq1.99hub0.67omegamh20.146hireionz6.6bhfeedback0.0379,2.32e-09,1.160187389021119,1.1486983662889168,1.1449861621759767,1.1555766229793747,0,0.013233436462744028,0,0.014652152182307641
dndx_DLA,3.0,ns0.909Ap1.98e-09herei3.75heref3.01alphaq2.43hub0.682omegamh20.14hireionz7.6bhfeedback0.0449,1.98e-09,1.133435013809308,1.1486983662889168,1.147852357079074,1.1502659170837413,0,0.013233436462744028,0,0.014652152182307641
dndx_DLA,3.2,ns0.859Ap1.29e-09herei3.92heref2.72alphaq1.87hub0.693omegamh20.141hireionz7.15bhfeedback0.0579,1.29e-09,1.1454463834801636,1.1648299332147953,1.1698006136612382,1.1602331132624204,1,0.020907970757464815,0,0.012694325034597245
dndx_DLA,3.2,ns0.885Ap2.32e-09herei4.06heref2.94alphaq1.99hub0.67omegamh20.146hireionz6.6bhfeedback0.0379,2.32e-09,1.1707758649066788,1.1648299332147953,1.1611177291018553,1.1682629307927956,1,0.020907970757464815,0,0.012694325034597245
dndx_DLA,3.2,ns0.909Ap1.98e-09herei3.75heref3.01alphaq2.43hub0.682omegamh20.14hireionz7.6bhfeedback0.0449,1.98e-09,1.1782675512575436,1.1648299332147953,1.1639839240049525,1.1656123114138368,1,0.020907970757464815,0,0.012694325034597245
dndx_DLA,3.4,ns0.859Ap1.29e-09herei3.92heref2.72alphaq1.87hub0.693omegamh20.141hireionz7.15bhfeedback0.0579,1.29e-09,1.1474037716352363,1.1467804425454184,1.1517511229918613,1.1467965610148445,0,0.008446851509276779,0,0.005750940182254837
dndx_DLA,3.4,ns0.885Ap2.32e-09herei4.06heref2.94alphaq1.99hub0.67omegamh20.146hireionz6.6bhfeedback0.0379,2.32e-09,1.1527549225444023,1.1467804425454184,1.1430682384324784,1.1467684049483244,0,0.008446851509276779,0,0.005750940182254837
dndx_DLA,3.4,ns0.909Ap1.98e-09herei3.75heref3.01alphaq2.43hub0.682omegamh20.14hireionz7.6bhfeedback0.0449,1.98e-09,1.1401826334566163,1.1467804425454184,1.1459344333355757,1.1467776991838747,0,0.008446851509276779,0,0.005750940182254837
dndx_DLA,3.6,ns0.859Ap1.29e-09herei3.92heref2.72alphaq1.87hub0.693omegamh20.141hireionz7.15bhfeedback0.0579,1.29e-09,1.194395105585159,1.1777348966897883,1.1827055771362311,1.1823644148956165,0,0.009925432694389096,0,0.010215109294423225
dndx_DLA,3.6,ns0.885Ap2.32e-09herei4.06heref2.94alphaq1.99hub0.67omegamh20.146hireionz6.6bhfeedback0.0379,2.32e-09,1.1728030919446704,1.1777348966897883,1.1740226925768482,1.1742774793985793,0,0.009925432694389096,0,0.010215109294423225
dndx_DLA,3.6,ns0.909Ap1.98e-09herei3.75heref3.01alphaq2.43hub0.682omegamh20.14hireionz7.6bhfeedback0.0449,1.98e-09,1.166006492539536,1.1777348966897883,1.1768888874799455,1.17694695325197,0,0.009925432694389096,0,0.010215109294423225
dndx_DLA,3.8,ns0.859Ap1.29e-09herei3.92heref2.72alphaq1.87hub0.693omegamh20.141hireionz7.15bhfeedback0.0579,1.29e-09,1.1856320772229443,1.1731144118979477,1.1780850923443906,1.1823571222486076,0,0.008836490273491225,0,0.008216688006282585
dndx_DLA,3.8,ns0.885Ap2.32e-09herei4.06heref2.94alphaq1.99hub0.67omegamh20.146hireionz6.6bhfeedback0.0379,2.32e-09,1.1718089698732221,1.1731144118979477,1.1694022077850077,1.1662117699461831,0,0.008836490273491225,0,0.008216688006282585
dndx_DLA,3.8,ns0.909Ap1.98e-09herei3.75heref3.01alphaq2.43hub0.682omegamh20.14hireionz7.6bhfeedback0.0449,1.98e-09,1.1619021885976764,1.1731144118979477,1.172268402688105,1.1715413037159155,0,0.008836490273491225,0,0.008216688006282585
dndx_DLA,3.99,ns0.885Ap2.32e-09herei4.06heref2.94alphaq1.99hub0.67omegamh20.146hireionz6.6bhfeedback0.0379,2.32e-09,1.1674465192464967,1.1674465192464967,1.1637343151335566,1.1572085025239793,0,0.0031797637422706143,0,0.008769580921895462
dndx_DLA,4.0,ns0.859Ap1.29e-09herei3.92heref2.72alphaq1.87hub0.693omegamh20.141hireionz7.15bhfeedback0.0579,1.29e-09,1.187867188890867,1.1770150767895309,1.1819857572359738,1.1908707486277217,0,0.006980479628410543,0,0.0029179366633393915
dndx_DLA,4.0,ns0.885Ap2.32e-09herei4.06heref2.94alphaq1.99hub0.67omegamh20.146hireionz6.6bhfeedback0.0379,2.32e-09,1.1650867429107294,1.1770150767895309,1.1733028726765908,1.166667382436721,0,0.006980479628410543,0,0.0029179366633393915
dndx_DLA,4.0,ns0.909Ap1.98e-09herei3.75heref3.01alphaq2.43hub0.682omegamh20.14hireionz7.6bhfeedback0.0449,1.98e-09,1.1780912985669965,1.1770150767895309,1.176169067579688,1.174656843121129,0,0.006980479628410543,0,0.0029179366633393915
dndx_DLA,4.2,ns0.859Ap1.29e-09herei3.92heref2.72alphaq1.87hub0.693omegamh20.141hireionz7.15bhfeedback0.0579,1.29e-09,1.210492587687444,1.1845646147382967,1.1895352951847395,1.2030332480640185,0,0.017691979181173198,0,0.012078055629490488
dndx_DLA,4.2,ns0.885Ap2.32e-09herei4.06heref2.94alphaq1.99hub0.67omegamh20.146hireionz6.6bhfeedback0.0379,2.32e-09,1.1760872382574565,1.1845646147382967,1.1808524106253566,1.1707718679844417,0,0.017691979181173198,0,0.012078055629490488
dndx_DLA,4.2,ns0.909Ap1.98e-09herei3.75heref3.01alphaq2.43hub0.682omegamh20.14hireionz7.6bhfeedback0.0449,1.98e-09,1.16711401826999,1.1845646147382967,1.1837186055284539,1.181421255583525,0,0.017691979181173198,0,0.012078055629490488
dndx_DLA,4.4,ns0.859Ap1.29e-09herei3.92heref2.72alphaq1.87hub0.693omegamh20.141hireionz7.15bhfeedback0.0579,1.29e-09,1.219368317561755,1.1966555535604975,1.2016262340069404,1.2197376327540816,0,0.014826391355495086,0,0.0032386284651111804
dndx_DLA,4.4,ns0.885Ap2.32e-09herei4.06heref2.94alphaq1.99hub0.67omegamh20.146hireionz6.6bhfeedback0.0379,2.32e-09,1.1817468793805488,1.1966555535604975,1.1929433494475574,1.1794173926606253,0,0.014826391355495086,0,0.0032386284651111804
dndx_DLA,4.4,ns0.909Ap1.98e-09herei3.75heref3.01alphaq2.43hub0.682omegamh20.14hireionz7.6bhfeedback0.0449,1.98e-09,1.1888514637391883,1.1966555535604975,1.1958095443506547,1.1927269864778827,0,0.014826391355495086,0,0.0032386284651111804
omega_LLS,2.8,ns0.859Ap1.29e-09herei3.92heref2.72alphaq1.87hub0.693omegamh20.141hireionz7.15bhfeedback0.0579,1.29e-09,1.2423451857934582,1.2422733852055867,1.2283305293993665,1.2364620412250524,0,0.011281459106340269,0,0.0051767912514725685
omega_LLS,2.8,ns0.885Ap2.32e-09herei4.06heref2.94alphaq1.99hub0.67omegamh20.146hireionz6.6bhfeedback0.0379,2.32e-09,1.247643484568677,1.2422733852055867,1.2526861902989057,1.24661341375071,0,0.011281459106340269,0,0.0051767912514725685
omega_LLS,2.8,ns0.909Ap1.98e-09herei3.75heref3.01alphaq2.43hub0.682omegamh20.14hireionz7.6bhfeedback0.0449,1.98e-09,1.2368314852546254,1.2422733852055867,1.244646457574786,1.2432624752470949,0,0.011281459106340269,0,0.0051767912514725685
omega_LLS,3.0,ns0.859Ap1.29e-09herei3.92heref2.72alphaq1.87hub0.693omegamh20.141hireionz7.15bhfeedback0.0579,1.29e-09,1.2310198096459637,1.2442434161030806,1.2303005602968604,1.2364360965685628,0,0.0008042305468056314,0,0.004353076618691453
omega_LLS,3.0,ns0.885Ap2.32e-09herei4.06heref2.94alphaq1.99hub0.67omegamh20.146hireionz6.6bhfeedback0.0379,2.32e-09,1.2540932916281067,1.2442434161030806,1.2546562211963996,1.250074079329041,0,0.0008042305468056314,0,0.004353076618691453
omega_LLS,3.0,ns0.909Ap1.98e-09herei3.75heref3.01alphaq2.43hub0.682omegamh20.14hireionz7.6bhfeedback0.0449,1.98e-09,1.2476171470351718,1.2442434161030806,1.24661648847228,1.245572220942087,0,0.0008042305468056314,0,0.004353076618691453
omega_LLS,3.2,ns0.859Ap1.29e-09herei3.92heref2.72alphaq1.87hub0.693omegamh20.141hireionz7.15bhfeedback0.0579,1.29e-09,1.2140194498514387,1.2100481268538472,1.196105271047627,1.2002448118057898,0,0.01480451761070778,0,0.013799666779540417
omega_LLS,3.2,ns0.885Ap2.32e-09herei4.06heref2.94alphaq1.99hub0.67omegamh20.146hireionz6.6bhfeedback0.0379,2.32e-09,1.2211065417604277,1.2100481268538472,1.2204609319471662,1.2173694396668422,0,0.01480451761070778,0,0.013799666779540417
omega_LLS,3.2,ns0.909Ap1.98e-09herei3.75heref3.01alphaq2.43hub0.682omegamh20.14hireionz7.6bhfeedback0.0449,1.98e-09,1.1950183889496755,1.2100481268538472,1.2124211992230465,1.2117166498874656,0,0.01480451761070778,0,0.013799666779540417
omega_LLS,3.4,ns0.859Ap1.29e-09herei3.92heref2.72alphaq1.87hub0.693omegamh20.141hireionz7.15bhfeedback0.0579,1.29e-09,1.1905300521293907,1.2014291557344252,1.187486299928205,1.1896299749099422,0,0.0057879341942662175,0,0.005550022310286133
omega_LLS,3.4,ns0.885Ap2.32e-09herei4.06heref2.94alphaq1.99hub0.67omegamh20.146hireionz6.6bhfeedback0.0379,2.32e-09,1.2169089798627237,1.2014291557344252,1.2118419608277442,1.2102410212441694,0,0.0057879341942662175,0,0.005550022310286133
omega_LLS,3.4,ns0.909Ap1.98e-09herei3.75heref3.01alphaq2.43hub0.682omegamh20.14hireionz7.6bhfeedback0.0449,1.98e-09,1.1968484352111608,1.2014291557344252,1.2038022281036245,1.2034373748814147,0,0.0057879341942662175,0,0.005550022310286133
omega_LLS,3.6,ns0.859Ap1.29e-09herei3.92heref2.72alphaq1.87hub0.693omegamh20.141hireionz7.15bhfeedback0.0579,1.29e-09,1.1540725013832767,1.1749279748004688,1.1609851189942486,1.1611327286040005,0,0.006902184745726685,0,0.006996009922428953
omega_LLS,3.6,ns0.885Ap2.32e-09herei4.06heref2.94alphaq1.99hub0.67omegamh20.146hireionz6.6bhfeedback0.0379,2.32e-09,1.1934503498387832,1.1749279748004688,1.1853407798937878,1.1852305420689397,0,0.006902184745726685,0,0.006996009922428953
omega_LLS,3.6,ns0.909Ap1.98e-09herei3.75heref3.01alphaq2.43hub0.682omegamh20.14hireionz7.6bhfeedback0.0449,1.98e-09,1.1772610731793467,1.1749279748004688,1.177301047169668,1.1772759240319695,0,0.006902184745726685,0,0.006996009922428953
omega_LLS,3.8,ns0.859Ap1.29e-09herei3.92heref2.72alphaq1.87hub0.693omegamh20.141hireionz7.15bhfeedback0.0579,1.29e-09,1.1318884424093485,1.1516539677083737,1.1377111119021535,1.1358627459579218,0,0.00505591927442515,0,0.0034509528556408353
omega_LLS,3.8,ns0.885Ap2.32e-09herei4.06heref2.94alphaq1.99hub0.67omegamh20.146hireionz6.6bhfeedback0.0379,2.32e-09,1.166564766461634,1.1516539677083737,1.1620667728016927,1.1634471696576814,0,0.00505591927442515,0,0.0034509528556408353
omega_LLS,3.8,ns0.909Ap1.98e-09herei3.75heref3.01alphaq2.43hub0.682omegamh20.14hireionz7.6bhfeedback0.0449,1.98e-09,1.156508694254139,1.1516539677083737,1.154027040077573,1.1543416317373725,0,0.00505591927442515,0,0.0034509528556408353
omega_LLS,3.99,ns0.885Ap2.32e-09herei4.06heref2.94alphaq1.99hub0.67omegamh20.146hireionz6.6bhfeedback0.0379,2.32e-09,1.1518985536259725,1.1518985536259725,1.1623113587192915,1.1651348618446027,0,0.009039689355057634,0,0.011490862782112754
omega_LLS,4.0,ns0.859Ap1.29e-09herei3.92heref2.72alphaq1.87hub0.693omegamh20.141hireionz7.15bhfeedback0.0579,1.29e-09,1.1083589165229861,1.1300743249153575,1.1161314691091373,1.112287227408702,0,0.006877912730858065,0,0.0034761526734181833
omega_LLS,4.0,ns0.885Ap2.32e-09herei4.06heref2.94alphaq1.99hub0.67omegamh20.146hireionz6.6bhfeedback0.0379,2.32e-09,1.1472500760170596,1.1300743249153575,1.1404871300086765,1.1433580870145135,0,0.006877912730858065,0,0.0034761526734181833
omega_LLS,4.0,ns0.909Ap1.98e-09herei3.75heref3.01alphaq2.43hub0.682omegamh20.14hireionz7.6bhfeedback0.0449,1.98e-09,1.1346139822060273,1.1300743249153575,1.1324473972845568,1.1331016867562844,0,0.006877912730858065,0,0.0034761526734181833
omega_LLS,4.2,ns0.859Ap1.29e-09herei3.92heref2.72alphaq1.87hub0.693omegamh20.141hireionz7.15bhfeedback0.0579,1.29e-09,1.0901383580161224,1.1029651751397715,1.0890223193335513,1.0831822018769122,0,0.0010118530554961654,0,0.0063067776716782395
omega_LLS,4.2,ns0.885Ap2.32e-09herei4.06heref2.94alphaq1.99hub0.67omegamh20.146hireionz6.6bhfeedback0.0379,2.32e-09,1.11328375695878,1.1029651751397715,1.1133779802330905,1.1177394973887755,0,0.0010118530554961654,0,0.0063067776716782395
omega_LLS,4.2,ns0.909Ap1.98e-09herei3.75heref3.01alphaq2.43hub0.682omegamh20.14hireionz7.6bhfeedback0.0449,1.98e-09,1.1054734104444128,1.1029651751397715,1.1053382475089708,1.1063322347926265,0,0.0010118530554961654,0,0.0063067776716782395
omega_LLS,4.4,ns0.859Ap1.29e-09herei3.92heref2.72alphaq1.87hub0.693omegamh20.141hireionz7.15bhfeedback0.0579,1.29e-09,1.0600068598473769,1.0821168062770232,1.068173950470803,1.0603377476826226,0,0.0075473281405957085,0,0.0015547174548974719
omega_LLS,4.4,ns0.885Ap2.32e-09herei4.06heref2.94alphaq1.99hub0.67omegamh20.146hireionz6.6bhfeedback0.0379,2.32e-09,1.1000642310779085,1.0821168062770232,1.0925296113703422,1.0983818451909517,0,0.0075473281405957085,0,0.0015547174548974719
omega_LLS,4.4,ns0.909Ap1.98e-09herei3.75heref3.01alphaq2.43hub0.682omegamh20.14hireionz7.6bhfeedback0.0449,1.98e-09,1.0862793279057843,1.0821168062770232,1.0844898786462225,1.0858235994115033,0,0.0075473281405957085,0,0.0015547174548974719
omega_subDLA,2.8,ns0.859Ap1.29e-09herei3.92heref2.72alphaq1.87hub0.693omegamh20.141hireionz7.15bhfeedback0.0579,1.29e-09,1.2505766223740062,1.2706000032305296,1.2625504929356886,1.2564592881097154,0,0.009423792327434653,0,0.004629832929916856
omega_subDLA,2.8,ns0.885Ap2.32e-09herei4.06heref2.94alphaq1.99hub0.67omegamh20.146hireionz6.6bhfeedback0.0379,2.32e-09,1.286691008385731,1.2706000032305296,1.2766115393865192,1.281160573638745,0,0.009423792327434653,0,0.004629832929916856
omega_subDLA,2.8,ns0.909Ap1.98e-09herei3.75heref3.01alphaq2.43hub0.682omegamh20.14hireionz7.6bhfeedback0.0449,1.98e-09,1.2745323789318517,1.2706000032305296,1.2719700289076044,1.2730067512311043,0,0.009423792327434653,0,0.004629832929916856
omega_subDLA,3.0,ns0.859Ap1.29e-09herei3.92heref2.72alphaq1.87hub0.693omegamh20.141hireionz7.15bhfeedback0.0579,1.29e-09,1.2588191773805841,1.274356679637538,1.266307169342697,1.2617111226358506,0,0.008101590190268163,0,0.007487753730472187
omega_subDLA,3.0,ns0.885Ap2.32e-09herei4.06heref2.94alphaq1.99hub0.67omegamh20.146hireionz6.6bhfeedback0.0379,2.32e-09,1.278199840642763,1.274356679637538,1.2803682157935277,1.283800635896218,0,0.008101590190268163,0,0.007487753730472187
omega_subDLA,3.0,ns0.909Ap1.98e-09herei3.75heref3.01alphaq2.43hub0.682omegamh20.14hireionz7.6bhfeedback0.0449,1.98e-09,1.286051020889267,1.274356679637538,1.2757267053146129,1.276508951907359,0,0.008101590190268163,0,0.007487753730472187
omega_subDLA,3.2,ns0.859Ap1.29e-09herei3.92heref2.72alphaq1.87hub0.693omegamh20.141hireionz7.15bhfeedback0.0579,1.29e-09,1.2632044177190422,1.2713305011031215,1.2632809908082805,1.2601801171719924,0,0.003956121262059494,0,0.003785628039748992
omega_subDLA,3.2,ns0.885Ap2.32e-09herei4.06heref2.94alphaq1.99hub0.67omegamh20.146hireionz6.6bhfeedback0.0379,2.32e-09,1.28237157488563,1.2713305011031215,1.277342037259111,1.2796578320462362,0,0.003956121262059494,0,0.003785628039748992
omega_subDLA,3.2,ns0.909Ap1.98e-09herei3.75heref3.01alphaq2.43hub0.682omegamh20.14hireionz7.6bhfeedback0.0449,1.98e-09,1.2684155107046926,1.2713305011031215,1.2727005267801963,1.2732282950974567,0,0.003956121262059494,0,0.003785628039748992
omega_subDLA,3.4,ns0.859Ap1.29e-09herei3.92heref2.72alphaq1.87hub0.693omegamh20.141hireionz7.15bhfeedback0.0579,1.29e-09,1.2638340998700324,1.2579348994009543,1.2498853891061132,1.2482795913560776,0,0.01108857920275659,0,0.012365114062231725
omega_subDLA,3.4,ns0.885Ap2.32e-09herei4.06heref2.94alphaq1.99hub0.67omegamh20.146hireionz6.6bhfeedback0.0379,2.32e-09,1.2552746290301178,1.2579348994009543,1.2639464355569439,1.2651456776076975,0,0.01108857920275659,0,0.012365114062231725
omega_subDLA,3.4,ns0.909Ap1.98e-09herei3.75heref3.01alphaq2.43hub0.682omegamh20.14hireionz7.6bhfeedback0.0449,1.98e-09,1.2546959693027124,1.2579348994009543,1.259304925078029,1.2595782316605608,0,0.01108857920275659,0,0.012365114062231725
omega_subDLA,3.6,ns0.859Ap1.29e-09herei3.92heref2.72alphaq1.87hub0.693omegamh20.141hireionz7.15bhfeedback0.0579,1.29e-09,1.2566793922935198,1.2698645395992514,1.2618150293044104,1.2617044569549438,0,0.010507807674276854,0,0.010442778963332714
omega_subDLA,3.6,ns0.885Ap2.32e-09herei4.06heref2.94alphaq1.99hub0.67omegamh20.146hireionz6.6bhfeedback0.0379,2.32e-09,1.289219568109734,1.2698645395992514,1.275876075755241,1.2759586534093248,0,0.010507807674276854,0,0.010442778963332714
omega_subDLA,3.6,ns0.909Ap1.98e-09herei3.75heref3.01alphaq2.43hub0.682omegamh20.14hireionz7.6bhfeedback0.0449,1.98e-09,1.2636946583945003,1.2698645395992514,1.2712345652763262,1.2712533846768108,0,0.010507807674276854,0,0.010442778963332714
omega_subDLA,3.8,ns0.859Ap1.29e-09herei3.92heref2.72alphaq1.87hub0.693omegamh20.141hireionz7.15bhfeedback0.0579,1.29e-09,1.271017125384893,1.2702912928311223,1.2622417825362813,1.2636263683059414,0,0.017000806372411772,0,0.016815292757070825
omega_subDLA,3.8,ns0.885Ap2.32e-09herei4.06heref2.94alphaq1.99hub0.67omegamh20.146hireionz6.6bhfeedback0.0379,2.32e-09,1.2897914109062594,1.2702912928311223,1.276302828987112,1.2752687924916601,0,0.017000806372411772,0,0.016815292757070825
omega_subDLA,3.8,ns0.909Ap1.98e-09herei3.75heref3.01alphaq2.43hub0.682omegamh20.14hireionz7.6bhfeedback0.0449,1.98e-09,1.2500653422022145,1.2702912928311223,1.271661318508197,1.2714256621779279,0,0.017000806372411772,0,0.016815292757070825
omega_subDLA,3.99,ns0.885Ap2.32e-09herei4.06heref2.94alphaq1.99hub0.67omegamh20.146hireionz6.6bhfeedback0.0379,2.32e-09,1.2620882994358897,1.2620882994358897,1.2680998355918793,1.265984787833021,0,0.004763166062688755,0,0.0030873342212845967
omega_subDLA,4.0,ns0.859Ap1.29e-09herei3.92heref2.72alphaq1.87hub0.693omegamh20.141hireionz7.15bhfeedback0.0579,1.29e-09,1.2674302642612096,1.2677524300474836,1.2597029197526426,1.262582588884271,0,0.006344523696986432,0,0.005957918768652346
omega_subDLA,4.0,ns0.885Ap2.32e-09herei4.06heref2.94alphaq1.99hub0.67omegamh20.146hireionz6.6bhfeedback0.0379,2.32e-09,1.2747478554910314,1.2677524300474836,1.2737639662034732,1.271613371388635,0,0.006344523696986432,0,0.005957918768652346
omega_subDLA,4.0,ns0.909Ap1.98e-09herei3.75heref3.01alphaq2.43hub0.682omegamh20.14hireionz7.6bhfeedback0.0449,1.98e-09,1.26107917039021,1.2677524300474836,1.2691224557245584,1.2686323363871945,0,0.006344523696986432,0,0.005957918768652346
omega_subDLA,4.2,ns0.859Ap1.29e-09herei3.92heref2.72alphaq1.87hub0.693omegamh20.141hireionz7.15bhfeedback0.0579,1.29e-09,1.2507213993709245,1.2552911482308977,1.2472416379360567,1.2516163904296533,0,0.0045365713135268985,0,0.004899308007540135
omega_subDLA,4.2,ns0.885Ap2.32e-09herei4.06heref2.94alphaq1.99hub0.67omegamh20.146hireionz6.6bhfeedback0.0379,2.32e-09,1.2641855892269847,1.2552911482308977,1.2613026843868873,1.2580355312526628,0,0.0045365713135268985,0,0.004899308007540135
omega_subDLA,4.2,ns0.909Ap1.98e-09herei3.75heref3.01alphaq2.43hub0.682omegamh20.14hireionz7.6bhfeedback0.0449,1.98e-09,1.250966456094784,1.2552911482308977,1.2566611739079725,1.2559165915635142,0,0.0045365713135268985,0,0.004899308007540135
omega_subDLA,4.4,ns0.859Ap1.29e-09herei3.92heref2.72alphaq1.87hub0.693omegamh20.141hireionz7.15bhfeedback0.0579,1.29e-09,1.2500393457467434,1.251996187565865,1.243946677271024,1.2498166701166216,0,0.006085910728831935,0,0.005287927411342931
omega_subDLA,4.4,ns0.885Ap2.32e-09herei4.06heref2.94alphaq1.99hub0.67omegamh20.146hireionz6.6bhfeedback0.0379,2.32e-09,1.260202540738275,1.251996187565865,1.2580077237218545,1.2536238950249303,0,0.006085910728831935,0,0.005287927411342931
omega_subDLA,4.4,ns0.909Ap1.98e-09herei3.75heref3.01alphaq2.43hub0.682omegamh20.14hireionz7.6bhfeedback0.0449,1.98e-09,1.245746676212576,1.251996187565865,1.2533662132429397,1.2523671411717023,0,0.006085910728831935,0,0.005287927411342931
omega_DLA,2.8,ns0.859Ap1.29e-09herei3.92heref2.72alphaq1.87hub0.693omegamh20.141hireionz7.15bhfeedback0.0579,1.29e-09,1.0896433268431833,1.0776821918468011,1.095543963569041,1.083924182753728,0,0.011413848628836364,0,0.015366237668564597
omega_DLA,2.8,ns0.885Ap2.32e-09herei4.06heref2.94alphaq1.99hub0.67omegamh20.146hireionz6.6bhfeedback0.0379,2.32e-09,1.0564606268260603,1.0776821918468011,1.0643426615418214,1.073020547517158,0,0.011413848628836364,0,0.015366237668564597
omega_DLA,2.8,ns0.909Ap1.98e-09herei3.75heref3.01alphaq2.43hub0.682omegamh20.14hireionz7.6bhfeedback0.0449,1.98e-09,1.0869426218711598,1.0776821918468011,1.0746421204634278,1.076619805750589,0,0.011413848628836364,0,0.015366237668564597
omega_DLA,3.0,ns0.859Ap1.29e-09herei3.92heref2.72alphaq1.87hub0.693omegamh20.141hireionz7.15bhfeedback0.0579,1.29e-09,1.07198137498273,1.0588986642750962,1.076760435997336,1.0679928675316073,0,0.01707552194812735,0,0.015371249432891344
omega_DLA,3.0,ns0.885Ap2.32e-09herei4.06heref2.94alphaq1.99hub0.67omegamh20.146hireionz6.6bhfeedback0.0379,2.32e-09,1.0636403813527886,1.0588986642750962,1.0455591339701165,1.0521069304075745,0,0.01707552194812735,0,0.015371249432891344
omega_DLA,3.0,ns0.909Ap1.98e-09herei3.75heref3.01alphaq2.43hub0.682omegamh20.14hireionz7.6bhfeedback0.0449,1.98e-09,1.04107423648977,1.0588986642750962,1.0558585928917228,1.057350831982498,0,0.01707552194812735,0,0.015371249432891344
omega_DLA,3.2,ns0.859Ap1.29e-09herei3.92heref2.72alphaq1.87hub0.693omegamh20.141hireionz7.15bhfeedback0.0579,1.29e-09,1.034613340930814,1.046383818639151,1.0642455903613908,1.0583302627670845,1,0.028318719099760394,1,0.02407578559877781
omega_DLA,3.2,ns0.885Ap2.32e-09herei4.06heref2.94alphaq1.99hub0.67omegamh20.146hireionz6.6bhfeedback0.0379,2.32e-09,1.0626544864046552,1.046383818639151,1.0330442883341713,1.0374619739330686,1,0.028318719099760394,1,0.02407578559877781
omega_DLA,3.2,ns0.909Ap1.98e-09herei3.75heref3.01alphaq2.43hub0.682omegamh20.14hireionz7.6bhfeedback0.0449,1.98e-09,1.0418836285819837,1.046383818639151,1.0433437472557776,1.0443505352957534,1,0.028318719099760394,1,0.02407578559877781
omega_DLA,3.4,ns0.859Ap1.29e-09herei3.92heref2.72alphaq1.87hub0.693omegamh20.141hireionz7.15bhfeedback0.0579,1.29e-09,1.0859125954332356,1.054048601441054,1.0719103731632937,1.068847101048461,0,0.0132842283086364,0,0.016190424579514914
omega_DLA,3.4,ns0.885Ap2.32e-09herei4.06heref2.94alphaq1.99hub0.67omegamh20.146hireionz6.6bhfeedback0.0379,2.32e-09,1.029574085561471,1.054048601441054,1.0407090711360742,1.0429967843508463,0,0.0132842283086364,0,0.016190424579514914
omega_DLA,3.4,ns0.909Ap1.98e-09herei3.75heref3.01alphaq2.43hub0.682omegamh20.14hireionz7.6bhfeedback0.0449,1.98e-09,1.046659123328455,1.054048601441054,1.0510085300576806,1.0515298986005444,0,0.0132842283086364,0,0.016190424579514914
omega_DLA,3.6,ns0.859Ap1.29e-09herei3.92heref2.72alphaq1.87hub0.693omegamh20.141hireionz7.15bhfeedback0.0579,1.29e-09,1.0694677280991507,1.0633917500717955,1.0812535217940353,1.081042590377059,1,0.03177060026220837,1,0.03173683988968801
omega_DLA,3.6,ns0.885Ap2.32e-09herei4.06heref2.94alphaq1.99hub0.67omegamh20.146hireionz6.6bhfeedback0.0379,2.32e-09,1.0265712492141523,1.0633917500717955,1.0500522197668158,1.0502097475906387,1,0.03177060026220837,1,0.03173683988968801
omega_DLA,3.6,ns0.909Ap1.98e-09herei3.75heref3.01alphaq2.43hub0.682omegamh20.14hireionz7.6bhfeedback0.0449,1.98e-09,1.0941362729020834,1.0633917500717955,1.0603516786884222,1.0603875791900397,1,0.03177060026220837,1,0.03173683988968801
omega_DLA,3.8,ns0.859Ap1.29e-09herei3.92heref2.72alphaq1.87hub0.693omegamh20.141hireionz7.15bhfeedback0.0579,1.29e-09,1.0753998240710498,1.061008966062518,1.0788707377847577,1.0815120187173655,0,0.014806926260849848,0,0.01523062267543973
omega_DLA,3.8,ns0.885Ap2.32e-09herei4.06heref2.94alphaq1.99hub0.67omegamh20.146hireionz6.6bhfeedback0.0379,2.32e-09,1.0339478979147707,1.061008966062518,1.0476694357575382,1.0456968740434829,0,0.014806926260849848,0,0.01523062267543973
omega_DLA,3.8,ns0.909Ap1.98e-09herei3.75heref3.01alphaq2.43hub0.682omegamh20.14hireionz7.6bhfeedback0.0449,1.98e-09,1.0736791762017328,1.061008966062518,1.0579688946791446,1.0575193489843762,0,0.014806926260849848,0,0.01523062267543973
omega_DLA,3.99,ns0.885Ap2.32e-09herei4.06heref2.94alphaq1.99hub0.67omegamh20.146hireionz6.6bhfeedback0.0379,2.32e-09,1.0452637836950327,1.0452637836950327,1.031924253390053,1.0278895193638622,0,0.012761879358169413,0,0.016621894494184105
omega_DLA,4.0,ns0.859Ap1.29e-09herei3.92heref2.72alphaq1.87hub0.693omegamh20.141hireionz7.15bhfeedback0.0579,1.29e-09,1.0986445112082122,1.0739049676121495,1.0917667393343893,1.0972600900073899,0,0.011888265879951232,0,0.008068053782744911
omega_DLA,4.0,ns0.885Ap2.32e-09herei4.06heref2.94alphaq1.99hub0.67omegamh20.146hireionz6.6bhfeedback0.0379,2.32e-09,1.0477985695223961,1.0739049676121495,1.0605654373071698,1.056462892558648,0,0.011888265879951232,0,0.008068053782744911
omega_DLA,4.0,ns0.909Ap1.98e-09herei3.75heref3.01alphaq2.43hub0.682omegamh20.14hireionz7.6bhfeedback0.0449,1.98e-09,1.0752718221058404,1.0739049676121495,1.0708648962287761,1.0699299286096888,0,0.011888265879951232,0,0.008068053782744911
omega_DLA,4.2,ns0.859Ap1.29e-09herei3.92heref2.72alphaq1.87hub0.693omegamh20.141hireionz7.15bhfeedback0.0579,1.29e-09,1.113326881213442,1.0827152915350509,1.1005770632572907,1.108922483670684,0,0.011775780813139671,0,0.004067918479763649
omega_DLA,4.2,ns0.885Ap2.32e-09herei4.06heref2.94alphaq1.99hub0.67omegamh20.146hireionz6.6bhfeedback0.0379,2.32e-09,1.060903143887365,1.0827152915350509,1.0693757612300712,1.0631432334470827,0,0.011775780813139671,0,0.004067918479763649
omega_DLA,4.2,ns0.909Ap1.98e-09herei3.75heref3.01alphaq2.43hub0.682omegamh20.14hireionz7.6bhfeedback0.0449,1.98e-09,1.0739158495043455,1.0827152915350509,1.0796752201516775,1.0782548306082713,0,0.011775780813139671,0,0.004067918479763649
omega_DLA,4.4,ns0.859Ap1.29e-09herei3.92heref2.72alphaq1.87hub0.693omegamh20.141hireionz7.15bhfeedback0.0579,1.29e-09,1.099717443236632,1.0711668193338617,1.0890285910561015,1.1002263806891894,0,0.009978699851044293,0,0.003605727039694788
omega_DLA,4.4,ns0.885Ap2.32e-09herei4.06heref2.94alphaq1.99hub0.67omegamh20.146hireionz6.6bhfeedback0.0379,2.32e-09,1.051424464418026,1.0711668193338617,1.057827289028882,1.049464554554262,0,0.009978699851044293,0,0.003605727039694788
omega_DLA,4.4,ns0.909Ap1.98e-09herei3.75heref3.01alphaq2.43hub0.682omegamh20.14hireionz7.6bhfeedback0.0449,1.98e-09,1.0623585503469266,1.0711668193338617,1.0681267479504883,1.0662208855114226,0,0.009978699851044293,0,0.003605727039694788
